﻿id,church_id,church_name,worship_id,church_seat_id,fullname,gender,address,region,age,phone_number,answer_1,answer_2,answer_3,answer_4,answer_5,answer_6,answer_7,answer_8,status,code,deleted_at,created_at,updated_at
2,1,"Tempat Ibadah 123",1,,udin,Laki-Laki,bekasi,bekasi,1,342131,"Ya, saya sehat dalam 14 hari terakhir",Ya,"Ya, saya pernah berkunjung / berobat ke rumah sakit",Ya,Ya,Ya,Ya,Ya,,,,2021-02-10T12:39:45.000000Z,2021-06-10T12:39:45.000000Z
3,1,"Tempat Ibadah 123",1,,Udin,Perempuan,Bekasi,Bekasi,1,123123,"Ya, saya sehat dalam 14 hari terakhir",Ya,"Ya, saya pernah berkunjung / berobat ke rumah sakit",Ya,Ya,Ya,Ya,Ya,,,,2021-06-10T12:54:13.000000Z,2021-06-10T12:54:13.000000Z
4,1,"Tempat Ibadah 123",1,,Udin,Perempuan,Bekasi,Bekasi,1,123123,"Ya, saya sehat dalam 14 hari terakhir",Ya,"Ya, saya pernah berkunjung / berobat ke rumah sakit",Ya,Ya,Ya,Ya,Ya,,,,2021-03-19T10:37:05.000000Z,2021-06-10T12:54:48.000000Z
5,1,"Tempat Ibadah 123",1,,Udin,Perempuan,Bekasi,Bekasi,1,123123,"Ya, saya sehat dalam 14 hari terakhir",Ya,"Ya, saya pernah berkunjung / berobat ke rumah sakit",Ya,Ya,Ya,Ya,Ya,Failed,,,2021-03-19T10:37:05.000000Z,2021-06-10T12:55:10.000000Z
6,1,"Tempat Ibadah 123",1,,Udin,Perempuan,Bekasi,Bekasi,1,123123,"Ya, saya sehat dalam 14 hari terakhir",Tidak,"Tidak, saya tidak berkunjung ke rumah sakit",Tidak,Tidak,Tidak,Ya,Ya,Success,,,2021-03-19T10:37:05.000000Z,2021-06-10T12:55:27.000000Z
7,1,"Tempat Ibadah 123",1,,Udin,Perempuan,Bekasi,Bekasi,1,123123,"Ya, saya sehat dalam 14 hari terakhir",Tidak,"Tidak, saya tidak berkunjung ke rumah sakit",Tidak,Tidak,Tidak,Ya,Ya,Success,,,2021-03-19T10:37:05.000000Z,2021-06-10T12:57:31.000000Z
8,1,"Tempat Ibadah 123",1,,Udin,Perempuan,Bekasi,Bekasi,1,123123,"Ya, saya sehat dalam 14 hari terakhir",Tidak,"Tidak, saya tidak berkunjung ke rumah sakit",Tidak,Tidak,Tidak,Ya,Ya,Success,,,2021-06-10T13:00:09.000000Z,2021-06-10T13:00:09.000000Z
9,1,"Tempat Ibadah 123",1,,Udin,Perempuan,Bekasi,Bekasi,1,123123,"Ya, saya sehat dalam 14 hari terakhir",Tidak,"Tidak, saya tidak berkunjung ke rumah sakit",Tidak,Tidak,Tidak,Ya,Ya,Success,,,2021-06-10T13:01:37.000000Z,2021-06-10T13:01:37.000000Z
10,1,"Tempat Ibadah 123",1,,Udin,Perempuan,Bekasi,Bekasi,1,123123,"Ya, saya sehat dalam 14 hari terakhir",Tidak,"Tidak, saya tidak berkunjung ke rumah sakit",Tidak,Tidak,Tidak,Ya,Ya,Success,,,2021-06-10T13:02:03.000000Z,2021-06-10T13:02:03.000000Z
11,1,"Tempat Ibadah 123",1,,Udin,Perempuan,Bekasi,Bekasi,1,123123,"Ya, saya sehat dalam 14 hari terakhir",Tidak,"Tidak, saya tidak berkunjung ke rumah sakit",Tidak,Tidak,Tidak,Ya,Ya,Success,,,2021-06-10T13:02:31.000000Z,2021-06-10T13:02:31.000000Z
12,1,"Tempat Ibadah 123",1,,udin,Laki-Laki,asd,sada,1,1231,"Tidak, saya pernah sakit dalam 14 hari terakhir",Ya,"Ya, saya pernah berkunjung / berobat ke rumah sakit",Ya,Tidak,Ya,Ya,Ya,Failed,,,2021-06-10T13:06:06.000000Z,2021-06-10T13:06:06.000000Z
13,1,"Tempat Ibadah 123",1,,udin,Laki-Laki,asd,sada,1,1231,"Tidak, saya pernah sakit dalam 14 hari terakhir",Ya,"Ya, saya pernah berkunjung / berobat ke rumah sakit",Ya,Tidak,Ya,Ya,Ya,Failed,,,2021-06-10T13:07:09.000000Z,2021-06-10T13:07:09.000000Z
14,1,"Tempat Ibadah 123",1,,udin,Laki-Laki,asd,sada,1,1231,"Tidak, saya pernah sakit dalam 14 hari terakhir",Ya,"Ya, saya pernah berkunjung / berobat ke rumah sakit",Ya,Tidak,Ya,Ya,Ya,Failed,,,2021-06-10T13:07:19.000000Z,2021-06-10T13:07:19.000000Z
15,1,"Tempat Ibadah 123",1,,udin,Laki-Laki,asd,sada,1,1231,"Tidak, saya pernah sakit dalam 14 hari terakhir",Ya,"Ya, saya pernah berkunjung / berobat ke rumah sakit",Ya,Tidak,Ya,Ya,Ya,Failed,,,2021-06-10T13:08:03.000000Z,2021-06-10T13:08:03.000000Z
16,1,"Tempat Ibadah 123",1,,udin,Laki-Laki,asd,sada,1,1231,"Tidak, saya pernah sakit dalam 14 hari terakhir",Ya,"Ya, saya pernah berkunjung / berobat ke rumah sakit",Ya,Tidak,Ya,Ya,Ya,Failed,,,2021-06-10T13:08:06.000000Z,2021-06-10T13:08:06.000000Z
17,1,"Tempat Ibadah 123",1,,udin,Laki-Laki,asd,sada,1,1231,"Tidak, saya pernah sakit dalam 14 hari terakhir",Ya,"Ya, saya pernah berkunjung / berobat ke rumah sakit",Ya,Tidak,Ya,Ya,Ya,Failed,,,2021-06-10T14:00:30.000000Z,2021-06-10T14:00:30.000000Z
18,1,"Tempat Ibadah 123",1,,udin,Laki-Laki,asd,sada,1,1231,"Tidak, saya pernah sakit dalam 14 hari terakhir",Ya,"Ya, saya pernah berkunjung / berobat ke rumah sakit",Ya,Tidak,Ya,Ya,Ya,Failed,,,2021-01-10T14:00:39.000000Z,2021-06-10T14:00:39.000000Z
19,1,"Tempat Ibadah 123",1,,udin,Laki-Laki,asd,sada,1,1231,"Tidak, saya pernah sakit dalam 14 hari terakhir",Ya,"Ya, saya pernah berkunjung / berobat ke rumah sakit",Ya,Tidak,Ya,Ya,Ya,Failed,,,2021-06-10T14:00:47.000000Z,2021-06-10T14:00:47.000000Z
20,1,"Tempat Ibadah 123",1,,udin,Laki-Laki,asd,sada,1,1231,"Tidak, saya pernah sakit dalam 14 hari terakhir",Ya,"Ya, saya pernah berkunjung / berobat ke rumah sakit",Ya,Tidak,Ya,Ya,Ya,Failed,,,2021-06-10T14:01:09.000000Z,2021-06-10T14:01:09.000000Z
21,1,"Tempat Ibadah 123",1,,udin,Laki-Laki,asd,sada,1,1231,"Tidak, saya pernah sakit dalam 14 hari terakhir",Ya,"Ya, saya pernah berkunjung / berobat ke rumah sakit",Ya,Tidak,Ya,Ya,Ya,Failed,,,2021-06-10T14:01:15.000000Z,2021-06-10T14:01:15.000000Z
22,1,"Tempat Ibadah 123",1,,udin,Laki-Laki,asd,sada,1,1231,"Tidak, saya pernah sakit dalam 14 hari terakhir",Ya,"Ya, saya pernah berkunjung / berobat ke rumah sakit",Ya,Tidak,Ya,Ya,Ya,Failed,,,2021-06-10T14:01:17.000000Z,2021-06-10T14:01:17.000000Z
23,1,"Tempat Ibadah 123",1,,udin,Laki-Laki,asd,sada,1,1231,"Tidak, saya pernah sakit dalam 14 hari terakhir",Ya,"Ya, saya pernah berkunjung / berobat ke rumah sakit",Ya,Tidak,Ya,Ya,Ya,Failed,,,2021-06-10T14:01:26.000000Z,2021-06-10T14:01:26.000000Z
24,1,"Tempat Ibadah 123",1,,udin,Laki-Laki,asd,sada,1,1231,"Tidak, saya pernah sakit dalam 14 hari terakhir",Ya,"Ya, saya pernah berkunjung / berobat ke rumah sakit",Ya,Tidak,Ya,Ya,Ya,Failed,,,2021-06-10T14:01:41.000000Z,2021-06-10T14:01:41.000000Z
25,1,"Tempat Ibadah 123",1,,Bayu,Laki-Laki,asd,sada,1,1231,"Tidak, saya pernah sakit dalam 14 hari terakhir",Ya,"Ya, saya pernah berkunjung / berobat ke rumah sakit",Ya,Tidak,Ya,Ya,Ya,Failed,,,2021-06-10T14:01:51.000000Z,2021-06-10T14:01:51.000000Z
26,1,"Tempat Ibadah 123",1,,Bayu,Laki-Laki,asd,sada,1,1231,"Ya, saya sehat dalam 14 hari terakhir",Tidak,"Tidak, saya tidak berkunjung ke rumah sakit",Tidak,Tidak,Tidak,Ya,Ya,Success,,,2021-06-10T14:02:09.000000Z,2021-06-10T14:02:09.000000Z
27,1,"Tempat Ibadah 123",1,,Bayu,Laki-Laki,asd,sada,1,1231,"Ya, saya sehat dalam 14 hari terakhir",Tidak,"Tidak, saya tidak berkunjung ke rumah sakit",Tidak,Tidak,Tidak,Ya,Ya,Success,,,2021-04-19T10:37:05.000000Z,2021-06-10T14:02:34.000000Z
28,1,"Tempat Ibadah 123",1,,Agus,Laki-Laki,asd,sada,1,1231,"Ya, saya sehat dalam 14 hari terakhir",Tidak,"Tidak, saya tidak berkunjung ke rumah sakit",Tidak,Tidak,Tidak,Ya,Ya,Success,,,2021-04-19T10:37:05.000000Z,2021-06-10T14:02:48.000000Z
29,1,"Tempat Ibadah 123",1,,"faisal rahman",Perempuan,depok,depok,1,89809,"Ya, saya sehat dalam 14 hari terakhir",Tidak,"Tidak, saya tidak berkunjung ke rumah sakit",Tidak,Tidak,Tidak,Ya,Ya,Success,,,2021-04-19T10:37:05.000000Z,2021-06-10T14:20:07.000000Z
30,1,"Tempat Ibadah 123",1,,udinnn,Perempuan,depok,depok,1,89809,"Ya, saya sehat dalam 14 hari terakhir",Tidak,"Tidak, saya tidak berkunjung ke rumah sakit",Tidak,Tidak,Tidak,Tidak,Ya,Failed,,,2021-04-19T10:37:05.000000Z,2021-06-10T14:25:49.000000Z
31,6,"Tempat Ibadah Margonda City",1,100,Agus111,Laki-Laki,oke,ok,1,12123,"Ya, saya sehat dalam 14 hari terakhir",Tidak,"Tidak, saya tidak berkunjung ke rumah sakit",Tidak,Tidak,Tidak,Ya,Ya,Success,,,2021-04-19T10:37:05.000000Z,2021-06-11T19:09:41.000000Z
32,5,Ok,1,3,loki,Laki-Laki,depok,asd,1,123213,"Ya, saya sehat dalam 14 hari terakhir",Tidak,"Tidak, saya tidak berkunjung ke rumah sakit",Tidak,Tidak,Tidak,Ya,Ya,Success,,,2021-04-19T10:37:05.000000Z,2021-06-11T19:29:13.000000Z
33,6,"Tempat Ibadah Margonda City",1,208,lokit,Laki-Laki,depok,asd,1,123213,"Ya, saya sehat dalam 14 hari terakhir",Tidak,"Tidak, saya tidak berkunjung ke rumah sakit",Tidak,Tidak,Tidak,Ya,Ya,Success,,,2021-06-11T19:29:27.000000Z,2021-06-11T19:29:34.000000Z
34,6,"Tempat Ibadah Margonda City",1,,"Udin njnj",Laki-Laki,depok,bekasi,1,12321,"Ya, saya sehat dalam 14 hari terakhir",Tidak,"Tidak, saya tidak berkunjung ke rumah sakit",Tidak,Tidak,Tidak,Ya,Ya,Success,,,2021-06-12T14:16:08.000000Z,2021-06-12T14:16:08.000000Z
35,6,"Tempat Ibadah Margonda City",1,,"Udin njnj",Laki-Laki,depok,bekasi,1,12321,"Ya, saya sehat dalam 14 hari terakhir",Tidak,"Tidak, saya tidak berkunjung ke rumah sakit",Tidak,Tidak,Tidak,Ya,Ya,Success,,,2021-06-12T14:18:34.000000Z,2021-06-12T14:18:34.000000Z
36,6,"Tempat Ibadah Margonda City",1,21,"Udin kol",Laki-Laki,depok,bekasi,1,12321,"Ya, saya sehat dalam 14 hari terakhir",Tidak,"Tidak, saya tidak berkunjung ke rumah sakit",Tidak,Tidak,Tidak,Ya,Ya,Success,i2ko0l9dnU,,2021-06-12T14:19:17.000000Z,2021-06-12T15:15:33.000000Z
37,6,"Tempat Ibadah Margonda City",1,23,mampussss,Laki-Laki,depok,bekasi,1,12321,"Ya, saya sehat dalam 14 hari terakhir",Tidak,"Tidak, saya tidak berkunjung ke rumah sakit",Tidak,Tidak,Tidak,Ya,Ya,Success,a9spssusm5m0,,2021-06-12T15:15:55.000000Z,2021-06-13T14:14:21.000000Z
38,6,"Tempat Ibadah Margonda City",1,,"Agus supriyadi",Laki-Laki,depok,bekasi,19,123120,"Ya, saya sehat dalam 14 hari terakhir",Tidak,"Ya, saya pernah berkunjung / berobat ke rumah sakit",Ya,Tidak,Ya,Ya,Ya,Failed,rdspa5yu4g4suiAi,,2021-06-13T16:01:18.000000Z,2021-06-13T16:01:18.000000Z
39,1,"Tempat Ibadah 123",1,,"Muliokok kok",Laki-Laki,asd,adssa,15,98098,"Ya, saya sehat dalam 14 hari terakhir",Ya,"Ya, saya pernah berkunjung / berobat ke rumah sakit",Ya,Ya,Ya,Ya,Ya,Failed,2kikk9ouko6oMl,,2021-06-13T16:06:18.000000Z,2021-06-13T16:06:18.000000Z
40,1,"Tempat Ibadah 123",1,,"Muliokok kok",Laki-Laki,asd,adssa,15,98098,"Ya, saya sehat dalam 14 hari terakhir",Ya,"Ya, saya pernah berkunjung / berobat ke rumah sakit",Ya,Ya,Ya,Ya,Ya,Failed,oiokk3ku2kM1ol,,2021-06-13T16:06:34.000000Z,2021-06-13T16:06:34.000000Z
41,1,"Tempat Ibadah 123",1,,"Muliokok kok",Laki-Laki,asd,adssa,15,98098,"Ya, saya sehat dalam 14 hari terakhir",Ya,"Ya, saya pernah berkunjung / berobat ke rumah sakit",Ya,Ya,Ya,Ya,Ya,Failed,9kMo3klkouk2oi,,2021-06-13T16:07:05.000000Z,2021-06-13T16:07:05.000000Z
42,1,"Tempat Ibadah 123",1,,"Muliokok kok",Laki-Laki,asd,adssa,15,98098,"Ya, saya sehat dalam 14 hari terakhir",Ya,"Ya, saya pernah berkunjung / berobat ke rumah sakit",Ya,Ya,Ya,Ya,Ya,Failed,kkolikoo4u7M0k,,2021-06-13T16:08:42.000000Z,2021-06-13T16:08:42.000000Z
43,1,"Tempat Ibadah 123",1,,"Muliokok kok",Laki-Laki,asd,adssa,15,98098,"Ya, saya sehat dalam 14 hari terakhir",Tidak,"Tidak, saya tidak berkunjung ke rumah sakit",Tidak,Ya,Tidak,Ya,Ya,Failed,koooulikk797Mk,,2021-05-19T10:37:05.000000Z,2021-06-13T16:10:37.000000Z
44,1,"Tempat Ibadah 123",1,,"Muliokok kok",Laki-Laki,asd,adssa,15,98098,"Ya, saya sehat dalam 14 hari terakhir",Tidak,"Tidak, saya tidak berkunjung ke rumah sakit",Tidak,Tidak,Tidak,Ya,Ya,Success,9Mkkoi5okou3lk,,2021-05-19T10:37:05.000000Z,2021-06-13T16:10:48.000000Z
45,6,"Tempat Ibadah Margonda City",1,24,"Muliokok kok",Laki-Laki,asd,adssa,15,98098,"Ya, saya sehat dalam 14 hari terakhir",Tidak,"Tidak, saya tidak berkunjung ke rumah sakit",Tidak,Tidak,Tidak,Ya,Ya,Success,4ikkoMokolu27k,,2021-05-19T10:37:05.000000Z,2021-06-13T16:12:38.000000Z
46,1,"Tempat Ibadah 123",1,,asdsa,Laki-Laki,asdsa,a,16,1232,"Ya, saya sehat dalam 14 hari terakhir",Ya,"Ya, saya pernah berkunjung / berobat ke rumah sakit",Ya,Ya,Ya,Ya,Ya,Failed,s54ad0as,,2021-05-19T10:37:05.000000Z,2021-06-13T18:53:39.000000Z
47,1,"Tempat Ibadah 123",1,,sada,Laki-Laki,asdsa,asd,13,12321,"Ya, saya sehat dalam 14 hari terakhir",Ya,"Ya, saya pernah berkunjung / berobat ke rumah sakit",Ya,Ya,Ya,Ya,Ya,Failed,a9d9sa9,,2021-05-19T10:37:05.000000Z,2021-06-13T18:54:35.000000Z
48,1,"Tempat Ibadah 123",1,,sadsad,Laki-Laki,sdsa,asda,13,23213,"Ya, saya sehat dalam 14 hari terakhir",Ya,"Tidak, saya tidak berkunjung ke rumah sakit",Ya,Ya,Ya,Ya,Ya,Failed,31asa4sdd,,2021-05-19T10:37:05.000000Z,2021-06-13T18:55:10.000000Z
49,6,"Tempat Ibadah Margonda City",1,,lokim123,Laki-Laki,bekasi,bekasi,15,1231231,"Ya, saya sehat dalam 14 hari terakhir",Tidak,"Tidak, saya tidak berkunjung ke rumah sakit",Tidak,Tidak,Tidak,Ya,Ya,Success,1lkmi313o26,,2021-05-19T10:37:05.000000Z,2021-06-14T06:58:29.000000Z
50,1,"Tempat Ibadah 123",1,,sdfdsq,Laki-Laki,aksjdn,asjknd,13,1321,"Ya, saya sehat dalam 14 hari terakhir",Tidak,"Tidak, saya tidak berkunjung ke rumah sakit",Tidak,Tidak,Tidak,Ya,Ya,Success,dqs3dsf33,,2021-05-19T10:37:05.000000Z,2021-06-14T07:11:53.000000Z
51,6,"Tempat Ibadah Margonda City",1,,asdsa,Laki-Laki,asdasd,asd,14,12321,"Ya, saya sehat dalam 14 hari terakhir",Tidak,"Tidak, saya tidak berkunjung ke rumah sakit",Tidak,Tidak,Tidak,Ya,Ya,Success,ssa7da27,,2021-06-14T07:14:33.000000Z,2021-06-14T07:14:33.000000Z
55,6,"Tempat Ibadah Margonda City",1,69,sadsa,Laki-Laki,asdsa,asda,14,21320,"Ya, saya sehat dalam 14 hari terakhir",Tidak,"Tidak, saya tidak berkunjung ke rumah sakit",Tidak,Tidak,Tidak,Ya,Ya,Success,as57d7as,,2021-07-19T10:37:05.000000Z,2021-06-14T07:19:40.000000Z
56,6,"Tempat Ibadah Margonda City",1,25,"koko liko",Laki-Laki,depok,depok,15,123121,"Ya, saya sehat dalam 14 hari terakhir",Tidak,"Tidak, saya tidak berkunjung ke rumah sakit",Tidak,Tidak,Tidak,Ya,Ya,Success,ko5koko97li,,2021-07-19T10:37:05.000000Z,2021-06-14T09:37:07.000000Z
57,6,"Tempat Ibadah Margonda City",1,,asdsa,Laki-Laki,sadsa,dasd,14,21321,"Tidak, saya pernah sakit dalam 14 hari terakhir",Ya,"Ya, saya pernah berkunjung / berobat ke rumah sakit",Ya,Ya,Ya,Tidak,Tidak,Failed,ds35aa8s,,2021-07-19T10:37:05.000000Z,2021-06-14T09:38:44.000000Z
58,1,"Tempat Ibadah 123",1,,adssa,Perempuan,asdsa,asdsa,14,12321321,"Tidak, saya pernah sakit dalam 14 hari terakhir",Ya,"Ya, saya pernah berkunjung / berobat ke rumah sakit",Ya,Ya,Ya,Tidak,Tidak,Failed,as6ad5s7,,2021-07-19T10:37:05.000000Z,2021-06-14T09:48:39.000000Z
59,1,"Tempat Ibadah 123",1,,adssa,Perempuan,asdsa,asdsa,14,12321321,"Tidak, saya pernah sakit dalam 14 hari terakhir",Ya,"Ya, saya pernah berkunjung / berobat ke rumah sakit",Ya,Ya,Ya,Tidak,Tidak,Failed,8a7sdas6,,2021-07-19T10:37:05.000000Z,2021-06-14T12:53:23.000000Z
60,1,"Tempat Ibadah 123",1,,asdsa,Laki-Laki,dasdas,asd,13,213213,"Ya, saya sehat dalam 14 hari terakhir",Ya,"Ya, saya pernah berkunjung / berobat ke rumah sakit",Tidak,Ya,Tidak,Tidak,Ya,Failed,daa2ss04,,2021-07-19T10:37:05.000000Z,2021-06-14T13:05:55.000000Z
61,8,"Gereja Kristus Bandung",2,379,udin123,Laki-Laki,depok,depok,15,123123,"Ya, saya sehat dalam 14 hari terakhir",Tidak,"Tidak, saya tidak berkunjung ke rumah sakit",Tidak,Tidak,Tidak,Ya,Ya,Success,n0ud23111i,,2021-06-14T13:45:10.000000Z,2021-06-14T13:45:19.000000Z
62,9,"Gereja Kristus Petamburan",2,,assa,Perempuan,asdsa,asd,14,123213,"Ya, saya sehat dalam 14 hari terakhir",Tidak,"Tidak, saya tidak berkunjung ke rumah sakit",Tidak,Tidak,Tidak,Ya,Ya,Success,a7a3ss7,,2021-06-16T12:41:13.000000Z,2021-06-16T12:41:13.000000Z
63,9,"Gereja Kristus Petamburan",2,450,Udin,Laki-Laki,Bekasi,B2,24,1321321,"Ya, saya sehat dalam 14 hari terakhir",Tidak,"Tidak, saya tidak berkunjung ke rumah sakit",Tidak,Tidak,Tidak,Ya,Ya,Success,40dnU3i,,2021-06-21T15:09:55.000000Z,2021-06-21T15:10:00.000000Z
